Protein_ID,Protein_Name,Sequence,Cancer_Type
P15056,BRAF,MEESLNYHQDLKPENLQVDLVRGLSFGVFKHLVEGKYAHKDIIYRDLKPEN,Melanoma
P04626,HER2,MVKVLSVLVGAGAVGSHLSKRREFRHLHSRDYRVRELGSPNAPYGASPTHV,Breast Cancer
P04637,TP53,MEEPQSDPSVEPPLSQETFSDLWKLLPENNVLSPLPSQAMDDLLMSSMGVT,Skin Cancer
P00533,EGFR,MRPSGTAGAALLALLAALCPASRAAGQTRPPPVSTSQKAGLLAGVLAPLTL,Lung Cancer
Q15116,PD1,MVLTGPLLGAAVAMASVGVQLKEPEALTNESTRKSWGPETSSWQTCGCCNV,Melanoma
P11802,CDK4,MEKPGASSVAGIPSSLSTSSGTSLPQLQPVFSEKNDTWPEVTLLHSPNKYLE,Prostate Cancer
P15692,VEGFA,MTRFWSLALSLLALLLWRSPPLLSLSWEPSSLVVRLKFYPETCVLTPCHAH,Colon Cancer
P31749,AKT1,MSSFIAGFGRLSQSARGRLMELQRRHPYEDQDTLGEFELPTQYVSEASGVME,Breast Cancer
P01106,MYC,MPLNVSLESESANLNLVPAAKVPVTIKTPTQPAAPVVVDGYTLPQFSTRGDL,Lymphoma
P38398,BRCA1,MDLSALRVEEVQNVINAMQKILECPICLELIKEGFSQVRDDSDRRDYRKQL,Ovarian Cancer
P51610,ESR1,MQPQSQPRSAIQPYGYNLPLGLGQQPPPGMERKGRQLLSDSGDQDTGDLQR,Breast Cancer
P01112,HRAS,MTEYKLVVVGAGGVGKSALTIQLIQNHFVDEYDPTIEDSYRKQVVIDGETC,Skin Cancer
P17252,PKM2,MDKCIKAGYHGSQEMGLYAEPGWYMSGGELARASAFLAKRQTSPGSVYMVL,Leukemia
P02766,TFR1,MGKCKSYLVLKHSQSTHDSQTTPLLIASLLNLSFLSLSDPCQDPHSDSGRG,Lymphoma
P06239,LCK,MGCGCSSHPEDSGNSSKFVLGHAGYYVATRHPYADSPYHKYGGKSSRLHGL,Prostate Cancer
P07339,CATD,MRTLALGALLCALAAAHPATCDLQAQITDYTIEGFTVDEVKDTVAINFLSD,Breast Cancer
P11362,FLT3,MRVRLLLLLLQLDPCLGCGTDDMMRPPALRPQLLVLLRGAGRRPLCQQLLG,Leukemia
P08700,FAS,MPQVTPTGMVTTGPDMGTSNFLRSFSLVLPPTDMTLQISYVLGALLPTLPP,Colon Cancer
P15260,MMP9,MAKYLRSLLVAVALSLSVLSSGCYPDDKEWLGITYDTYLFDLPGWNDWVAM,Skin Cancer
P05106,ALB,MKWVTFISLLFLFSSAYSRGVFRRDTHKSEIAHRFHQLVYFNEEVVAKDVN,Liver Cancer
P10415,BCL2,MSDNRDWGRQSRARPTPQLRPRGRSPKKLAAEKSRKKLDSSVGTGGIPAGM,Lymphoma
P02768,ALBU,MVLSEGEWQLVLHVWAKVEADVAGHGQDILIRLFKSHPETLEKFDRFKHLK,Liver Cancer
P17936,CASP3,MYSRRTLLFLHSSGAGRLGKQRRQSTIDERYEIRRNIGATNLYTNDGSCGI,Colon Cancer
Q96GM5,RBPJ,MRKSLHSMVYQLFVVACGAPAGYRFTEVEHFSPASSGGATPVFVTGSGNTG,Skin Cancer
P07900,HSP90,MPEETQTQDQPMEAAEEEFEEEFEQCGSEYEDGKKVDNADKDTDTLLEKYL,Breast Cancer
P24385,CDK2,MDKCGSGPTSGGKGYGHVRSLRGNHSVVTPPSTTAPKKQPCYTTMNDLQRV,Liver Cancer
P15056,BRAF,MEERLKQRRLLTEHQNKLEYLKFDFGVLVLGTGENYVGNYEHEDKSIKLYS,Melanoma
Q07820,BRD4,MSLGFQPYFQPQRDREGVPATVEEVLHLLTDQCTTAYSAVCSGRILLLMKH,Leukemia
P02774,GOT1,MSTWELCLGTLVSPIAGQVTANPLRGVRLQQDMNDQLVRGENVLIPWLSSS,Pancreatic Cancer
P42336,PDK1,MGGSPSESWQRRRMQQASSPVFTGWVPESSGASAGGSRLSVRGVCGGGAPD,Ovarian Cancer
P04629,ERBB3,MAVLWVLAVVSLLAGESGQGHQFGRSSTRRSGVKLVHEDSTLLGGWLLGPLL,Breast Cancer
Q9Y2X3,PIK3R3,MAINEETNFKLDDMNVSLGHMQAFLPNWVNTTLKSIITKSVTNKNFKIKPR,Lung Cancer
P15056,BRAF,MEESHRDSGTLLRNLGEEVVGGLLYVPVKWVTLQKAFYEKLDDYGGNSLRD,Skin Cancer
Q06710,STAT5A,MQPQLEGPFPVTPYGIWAECSRFSTTGEQWIYDLQRLGDGKTFGLYSSYQH,Leukemia
P11021,INSR,MPLLLTVHCLLLVLNGGKSTVLLLHGSSSSSSRAQQVDERWRGLRRRPFVV,Prostate Cancer
P01116,KRAS,MTEYKLVVVGAGGVGKSALTIQLIQNHFVDEYDPTIEDSYRKQVVIDGETC,Colon Cancer
P04626,HER2,MVKVLGVLSLLLQVVTSSASTTGEQEEYSTGGTGGLVAERLPHHPLLPYSH,Breast Cancer
Q00987,CDKN2A,MNARLNSDSSSSSGLVNMAPSDLEKKALTRESSDSGTTRAPSSSDEFVCL,Skin Cancer
P13569,MET,MKYLLPTAAAGLLLLAAQPAMAAPSKSPETTAAEEVPAPVSTSITLLEPNS,Lung Cancer
P24864,FOXM1,MKRHFLCLLLPLLLTGSSCVHGHGCDYQIMWQWPNELPPCNLHHEQVYHLS,Breast Cancer
Q92934,SMAD4,MMLSCLGDYGYGWVNGSTGSYAAPARRTSWRSSEYQTNLVDQWEEGSPVQ,Pancreatic Cancer
P38398,BRCA1,MDLSALRVEEVQNVINAMQKILECPICLELIKEGFSQVRDDSDRRDYRKQL,Ovarian Cancer
P31749,AKT1,MSSFIAGFGRLSQSARGRLMELQRRHPYEDQDTLGEFELPTQYVSEASGVME,Breast Cancer
P07900,HSP90,MPEETQTQDQPMEAAEEEFEEEFEQCGSEYEDGKKVDNADKDTDTLLEKYL,Breast Cancer
P02768,ALBU,MVLSEGEWQLVLHVWAKVEADVAGHGQDILIRLFKSHPETLEKFDRFKHLK,Liver Cancer
Q9Y4K1,NFAT5,MDRKSSQVQHLGSLGEGIGEKKQVVADLTAGLPVKQYTLTLEQDGINHLLK,Lymphoma
P06400,RB1,MEESVTRGFVPNVLGATCQKCVKIWYDLFHLVNDKPSNPGRLHEKLSDEDQ,Lung Cancer
P10275,AR,MELGDRSAIRSQSPRAGLPVQQQQPPGRSPSPATSRATTVLSGGKEGGWG,Prostate Cancer
P09874,PARP1,MNSCTDTDVQLSPRQEEGGSVRHWVSYNRRFTDYSHWYYSVAVEBRQELL,Breast Cancer
P35228,CTNNB1,MMSTRVSWVSLMDPENQFFARPVDTETVKMMTGKQLINTETYYVISNQRL,Colon Cancer
P01100,FOS,MSDTLDALLADHCLGGQPPNPPLNGVQPPPTAAQVPDPQPQSQSLPLPPL,Skin Cancer
Q8WZ42,MCL1,MGQGSSSSSGLAPGSPCLSPPGGASMGSHVLTADLFYASLVEDDSDPEPA,Leukemia
P24385,CDK2,MDKCGSGPTSGGKGYGHVRSLRGNHSVVTPPSTTAPKKQPCYTTMNDLQRV,Liver Cancer
Q96GR2,HIPK2,MGPGDLQMDERLVLRDVDYHPEVGNLVASPPVRTDEAAEKCTSVYTELGI,Breast Cancer
P04637,TP53,MEEPQSDPSVEPPLSQETFSDLWKLLPENNVLSPLPSQAMDDLLMSSMGVT,Colon Cancer
Q969H0,TRAF6,MELKLLLRVSTAPGAGGTRRPPPPPPAGPDTEGSDTFTDLDLMDYQKMYSL,Lung Cancer
Q07812,BAD,MSRPGFHLVLDLHGSSSSTDSPSEGGVAELPETAETARRRHESLENAADG,Melanoma
Q16539,CASP8,MGHPDLGVQMCLFGVRLLPKLAGHGDTSPQELRIILEGGVGELPIHKLTAT,Lymphoma
P09874,PARP1,MNSDTDTNVRLGLSRQEEGQSFGGWISEYCRRFKSSDSQLYHLNQEAEKL,Prostate Cancer
P07947,FGA,MKSLGWSGGLTWILLLLLLFPTEEGQSLNVMPVSSRGLTSTPIRRFVNGL,Liver Cancer
Q96I23,WRN,MVPSGAKSTRPRQMNGYGGHSSNYQNTNPQQPRRQLQDTASLSVFKVGDRG,Colon Cancer
P04629,ERBB3,MAVLWVLAVVSLLAGESGQGHQFGRSSTRRSGVKLVHEDSTLLGGWLLGPLL,Breast Cancer
P01116,KRAS,MTEYKLVVVGAGGVGKSALTIQLIQNHFVDEYDPTIEDSYRKQVVIDGETC,Colon Cancer
Q13651,IKBKB,MSSSSVGEGRRGPESGTSRAESLSELLTCAGGERSDPFLASQLLSLNDPRL,Skin Cancer
P29466,NOS2,MSSFKSPGFSKQSSRRAGGQGGPPSAGSCTAGGSSSSQHGAVAGDLGDID,Lung Cancer
Q6ZUJ8,BRD9,MFRYNLQENEVEIRLKATELGQPPHRKADVFHNRDELGKNPANSDNTLTIH,Leukemia
Q99759,ASXL1,MVDMTVYRTFDDGRYPPEEPTSALTYFLPRKEIERAVNSESESSHCGQKP,Liver Cancer
Q9Y2T1,NCOA3,MGGSEPVHRSPSLHSPSPTRPQTPVVPGLVTPEASVSPNCCRAQQFEDWM,Breast Cancer
P13639,COL1A1,MDFEEGPKFFPDFGIVFNENLPRLMKNENMFEEdLTETVFKQIPITVEFNF,Skin Cancer
P04150,NR3C1,MGMERHLPFLGKSVRPYDFCLLRMLGERRPQGSAPSGGSECSSRGRVAGS,Lymphoma
P26599,HMGB1,MSEYEDQESADAETALKGEEPEETDTDPECNMTVKSPLGAVWTHASSSSED,Liver Cancer
P11802,CDK4,MEKPGASSVAGIPSSLSTSSGTSLPQLQPVFSEKNDTWPEVTLLHSPNKYLE,Prostate Cancer
Q9H1D0,AXIN1,MIPPKGLSNFVATYELSREDMHRLTYTKGLKSKSTVVKSPGPVKDSAFLNK,Colon Cancer
P42336,PDK1,MGGSPSESWQRRRMQQASSPVFTGWVPESSGASAGGSRLSVRGVCGGGAPD,Ovarian Cancer
Q16566,CASP7,MKHRRVSRLRYHKEKVEPNSTLMNLPDQKCRQAADDLFQLYTERLHRYSQV,Breast Cancer
Q07820,BRD4,MSLGFQPYFQPQRDREGVPATVEEVLHLLTDCCTTAYSAVCSGRILLLMKH,Leukemia
Q14524,CCND1,MGPRLASFSPDSSPTQRGRRPSSSSSSGGSGGGGGGVLCALLPHALDNHP,Breast Cancer
P38398,BRCA1,MDLSALRVEEVQNVINAMQKILECPICLELIKEGFSQVRDDSDRRDYRKQL,Ovarian Cancer
Q13153,IKZF1,MNPSDSRLNQTGASDYSPTTETHYPADLTLRGLPSRLSSFSNNQLGTSDD,Lymphoma
Q15633,SMAD2,MNGSNYFLLSSSDDSDLPLSRPVPCRLAGNPYPRYSEKLSSRGSIEAKLK,Pancreatic Cancer
P15056,BRAF,MEESLNYHQDLKPENLQVDLVRGLSFGVFKHLVEGKYAHKDIIYRDLKPEN,Melanoma
Q96GM5,RBPJ,MRKSLHSMVYQLFVVACGAPAGYRFTEVEHFSPASSGGATPVFVTGSGNTG,Skin Cancer
P07339,CATD,MRTLALGALLCALAAAHPATCDLQAQITDYTIEGFTVDEVKDTVAINFLSD,Breast Cancer
Q9UMX0,RBM10,MSLVQTKTRRRSGGGTGGGTTESAEALAGAVGGLRYRALQRPRSELTRDP,Lung Cancer
P01106,MYC,MPLNVSLESESANLNLVPAAKVPVTIKTPTQPAAPVVVDGYTLPQFSTRGDL,Lymphoma
Q9Y4K3,SETD2,MSWRAVRDLARQTPGPKTVPWGPRPSGTTRATSLGTAYTYDSSSLQQANLS,Leukemia
P07900,HSP90,MPEETQTQDQPMEAAEEEFEEEFEQCGSEYEDGKKVDNADKDTDTLLEKYL,Breast Cancer
P02766,TFR1,MGKCKSYLVLKHSQSTHDSQTTPLLIASLLNLSFLSLSDPCQDPHSDSGRG,Liver Cancer
Q9NYM4,USP7,MADMTQDLGSLPGGDLTGPSVLQPVLVGTPPPRLGFSRGAQVGGYTFAFGH,Colon Cancer
P01112,HRAS,MTEYKLVVVGAGGVGKSALTIQLIQNHFVDEYDPTIEDSYRKQVVIDGETC,Skin Cancer
P04626,HER2,MVKVLGVLSLLLQVVTSSASTTGEQEEYSTGGTGGLVAERLPHHPLLPYSH,Breast Cancer
P19838,REL,MDSLVDEEEDIFPKTQEKGSSVPRSRSRDPARPGNVNLVTSDSSQIHSLYT,Lymphoma
Q07817,FLT1,MTRSLLLFLLAVFGCCGNGPWWQPPEPIQDSQKKDSGLDKLYNIQKKSLSL,Colon Cancer
P17252,PKM2,MDKCIKAGYHGSQEMGLYAEPGWYMSGGELARASAFLAKRQTSPGSVYMVL,Leukemia
P31785,PTEN,MCIWWRTNSSTVAATSWVRTMQITIKPQLFPPVPSWLVGTPMDNEVVTEGD,Breast Cancer
Q15831,TGFBR2,MTLQFLKFFMGVMYIPLAINTIQLMKSRTVVENQGLFGGDYSHKSQVECPV,Skin Cancer
P01111,NRAS,MTEYKLVVVGGGGVGKSTVIQLIQNHFVDEYDPTIEDSYRKQVVIDGETC,Melanoma
P14780,MMP2,MALVRGLVVLTLFFLLVALQSVGAWQDSSFQDPYGEGDTFKIEFQGMAYV,Liver Cancer
P48736,CEBPA,MALRVQLSGLCTNLLPSDLLNLPSLGGAPGLPSPRGGVKRSKAASFNKEL,Lung Cancer
P42771,CDKN1B,MADEESMCLFENLRDSQVHSHRTTSVRPSPDTADPEGTQVTARVTQVLDGV,Breast Cancer
Q9Y243,MDM4,MMGPLPQATPRRLVGNPLLARRCYQDLVIDEAEATRTLTVEKLFPRPVEAK,Lymphoma
Q8N726,DNMT3A,MSTVGPITRLPSPPSGPGAAGGWVTWTSLPPPQRQQQLWASPLLLDKWEEE,Colon Cancer
Q6ZUJ8,BRD9,MFRYNLQENEVEIRLKATELGQPPHRKADVFHNRDELGKNPANSDNTLTIH,Leukemia
Q96GD4,SETD1A,MAPTSQPPKTKTPQCLAFGYCRRKNTEKKDSSRSTSSVTALFKSTPPVVDA,Skin Cancer
P04629,ERBB3,MAVLWVLAVVSLLAGESGQGHQFGRSSTRRSGVKLVHEDSTLLGGWLLGPLL,Breast Cancer
P42336,PDK1,MGGSPSESWQRRRMQQASSPVFTGWVPESSGASAGGSRLSVRGVCGGGAPD,Ovarian Cancer
P11473,ERBB4,MWLSLALLLAAAWGLWGAGPSLQRGGGSSPRVSVYLVWNRYRCLRRYRRVR,Skin Cancer
P10415,BCL2,MSDNRDWGRQSRARPTPQLRPRGRSPKKLAAEKSRKKLDSSVGTGGIPAGM,Lymphoma
Q7Z434,USP9X,MTDLLIACGVVADPDVKGFPTSKLTPQQDLFTLSETSTEGFSSLGQVILFN,Colon Cancer
P02768,ALBU,MVLSEGEWQLVLHVWAKVEADVAGHGQDILIRLFKSHPETLEKFDRFKHLK,Liver Cancer
Q86WV6,ASXL2,MGRKRNTPLIKKLQLDNSPEVKEVFLFGTRHSPDDQVTLMDLLADDTCLVL,Ovarian Cancer
Q16566,CASP7,MKHRRVSRLRYHKEKVEPNSTLMNLPDQKCRQAADDLFQLYTERLHRYSQV,Breast Cancer
Q9Y53U,ARID1A,MTPTNRECEGLLRVSWLEHVVQERERQKEVYLDSSASDEAETNALTCGRRI,Lung Cancer
Q96EQ0,NSD1,MGAVVVPGGSANPMAYVSVELLKRQLQEELGAGKEAQGTMHRKPQSYHGVS,Leukemia
P01116,KRAS,MTEYKLVVVGAGGVGKSALTIQLIQNHFVDEYDPTIEDSYRKQVVIDGETC,Colon Cancer
Q9P2K9,SMAD3,MGQSYTLSSSVSSMSSMVGAVANSPSGGAAVAGSNGTMDGGLEMPRELPQL,Skin Cancer
P15056,BRAF,MEESLNYHQDLKPENLQVDLVRGLSFGVFKHLVEGKYAHKDIIYRDLKPEN,Melanoma
P06400,RB1,MEEELVLQTSLLQQLDQVGLFSYITAAGQLSQKGAGLSQNPSTGPEQAFLL,Breast Cancer
P46527,CDC20,MADEPSPRTPRGHYSVPFYASNNCEQATSTDYGLPTSTPNSFSCAGSLPSP,Lung Cancer
P15514,VEGFB,MFPTGRGVSRWLQLRPGVYLLLIWASVISSAAGAVHGQRMTDTEVETPKE,Skin Cancer
Q15717,HIF1A,MYMLEVSCQVLEKVEQLIGSEGSWLAPLCHQQTSTEKHCSSLQYMVMHSE,Colon Cancer
P42345,PIK3CA,MVRLLTEQQRLQLDVDGVVNNRQYGRPEAVEPRYVRVSMDEKELEMAAWSL,Breast Cancer
Q9ULW3,DNMT3B,MPTESAVPPAPSGTSPSWHRTSTSERDSLNDDYMQMWQVLLSQVDRDMLRL,Leukemia
Q9H6T3,WRAP53,MSNLGELYQLEGAIPGHHLHGLPPATDSGGDGEGERSLLLQLSGSGRLPQI,Lymphoma
Q9UM73,CHD4,MPPGGPPFMPKPSVVTAEEKMEASQSTSKRSNSDLFWLSEDTPTDEFATR,Ovarian Cancer
P00533,EGFR,MRPSGTAGAALLALLAALCPASRAAGQTRPPPVSTSQKAGLLAGVLAPLTL,Lung Cancer
Q9Y6X5,USP6,MGLRMEGVFRLEETLHLGATWDPDNPSWWEPKHALNDNVVIGQTEHLPATV,Liver Cancer
P04637,TP53,MEEPQSDPSVEPPLSQETFSDLWKLLPENNVLSPLPSQAMDDLLMSSMGVT,Skin Cancer
Q9NXX6,EED,MSGLVPAHSLPTTSSALSAPSTRGQACGSGNSSDDDCVVSVEEAVKKQHDQ,Leukemia
Q53FA7,RAD51,MDLGDLQGNVVKSKLSTVASSSLNRYTTATIPYGVGFGKTNEARLONPYVQ,Breast Cancer
Q7Z2W7,ATAD2,MGEHPGSSCTTSPEETEPGDDYGVGLTLPVFDLVSVGQLQGRKALLRTAC,Prostate Cancer
P01106,MYC,MPLNVSLESESANLNLVPAAKVPVTIKTPTQPAAPVVVDGYTLPQFSTRGDL,Lymphoma
Q9HCG8,FBXW7,MGSSGSGNTPSGPSPAEDPENASQSSGSSSHHAHGEYRVPPGSSDPPLLQV,Colon Cancer
Q9Y297,SMARCA4,MPNLAGSCFHRLYRSRGFRRVYLRSGYKHNLGDIPGSRLAVQVFCSDTSSL,Skin Cancer
Q14524,CCND1,MGPRLASSPDATSSDTRRGRRPSSSGGGSGGGGGGVLCALLPHALDNHP,Breast Cancer
P31749,AKT1,MSSFIAGFGRLSQSARGRLMELQRRHPYEDQDTLGEFELPTQYVSEASGVME,Breast Cancer
Q9UNQ0,RAD52,MSSKPGQAVAAAAAGAPGKRAVGDLAGAPEGAEASGAAGDPVSPNKTIGV,Leukemia
Q9H9B1,PPM1D,MPMTPGLVSLGLYTQPCECSSSTLFSGDGSSAESEVGAPSEDVVDSPRTSS,Breast Cancer
P01112,HRAS,MTEYKLVVVGAGGVGKSALTIQLIQNHFVDEYDPTIEDSYRKQVVIDGETC,Skin Cancer
P09874,PARP1,MNSDTDTNVRLGLSRQEEGQSFGGWISEYCRRFKSSDSQLYHLNQEAEKL,Prostate Cancer
Q9Y4A5,SPOP,MGMEPEQPPPPPLVAHGWHSFLPANSQVLQRPFNEGPGLVDLELQINGPHT,Leukemia
P05231,IL6,MWLQSLLFLPVSQYVLQDLLVRHSSLHTDTGRQTYGHTKRCSTMTLMCGDF,Liver Cancer
Q8NBV4,SETD2,MSEETSTPTASTSKGKIALQAYLYDSIQSNYGSGDFLAQALGSAESANFLK,Skin Cancer
Q14938,ATRX,MAPTFALDGRHPGLLLQGLGGQLHETMALAKSYFAHHDQEFDPSEGAQPPL,Lung Cancer
P24385,CDK2,MDKCGSGPTSGGKGYGHVRSLRGNHSVVTPPSTTAPKKQPCYTTMNDLQRV,Liver Cancer
P23443,GATA3,MEPVPDSPSPVEGVGGDLHGFAAEVPEPSAPSKRQRPQEKRSSGMGSPERG,Breast Cancer
P29353,JAK1,MSLKASQLYAVVSFVRSKLACGPLAAGIQGPPTVPPVAGSWQQNVPKPELI,Leukemia
Q9Y2X3,PIK3R3,MAINEETNFKLDDMNVSLGHMQAFLPNWVNTTLKSIITKSVTNKNFKIKPR,Lung Cancer
Q96CV9,FOXA1,MTTSDTSNGPAQNQSGVLTLGVPQSSVQTTSGLLGHIPAKFRVTAEKSPVE,Breast Cancer
P06748,PDGFRA,MRIVALLALLVLASPMVLLSEVQTETQDQIVGRGYTNDSSTNDSSIETWSI,Skin Cancer
Q9UIF7,MLL3,MLQQSQSPTGPGGGTTTSLPPSSGPHLHYSTTQQHPASMTPGMNVAKTPS,Colon Cancer
P05019,IGF1,MGKETDLSLVSRMFWWKAVLSSLLFSLGQLLQTRLHQLPEAKMEHRGQVLN,Breast Cancer
Q9H3D4,CUL3,MSLSAPLNSTTDEETSLCSFFRRSLNLRRGEPFRAGVAVASTPNLTIKLTS,Lung Cancer
P45983,MAPK8,MSSDLEADLGDVKLSVSDGNGSFGGVSQPSGSSTLLRVGDLKKWHMCVKGS,Skin Cancer
P19105,MAP2K4,MADMTGTLLLCGGGGMMGTGGSSAAATRRHHVVSSTGDSSKSLRSSDKPI,Ovarian Cancer
Q16665,MMP11,MKSFQTILGLAVLSVLCLLHQCPGSLVDDFGVTRIAMPEPGIPTGKWGFQR,Prostate Cancer
Q9Y4K3,SETD6,MALSHSSGGSMATTEARRSVVQEKPLVWQPSKVTRNTDGDRSYWAPEAQHR,Melanoma
Q8WZ79,BCLAF1,MGGGAGGGGLGGGAGGGAGGGGGSGGGGGGQGAGGGMATSWDEDLEEQEKS,Lymphoma
P11362,FLT3,MRVRLLLLLLQLDPCLGCGTDDMMRPPALRPQLLVLLRGAGRRPLCQQLLG,Leukemia
P07204,PTGS2,MVLLPRFLLLWLLWGQGTPVSLSSVGLPISEVLPADIKEMLAQKDGESRSN,Colon Cancer
Q07817,FLT1,MTRSLLLFLLAVFGCCGNGPWWQPPEPIQDSQKKDSGLDKLYNIQKKSLSL,Lung Cancer
Q6IQ32,DOT1L,MLVVSTTSLEARPAGAAEKSPVFYPQYRDYHPAAPTLAAHSLMDTTDNHDV,Breast Cancer
P10415,BCL2,MSDNRDWGRQSRARPTPQLRPRGRSPKKLAAEKSRKKLDSSVGTGGIPAGM,Lymphoma
Q92769,DLG5,MQLTSGTCPRLQYLSVRDQMYAGATLGTGALGGGTLGDRDLGCHFPKLVLE,Skin Cancer
Q15078,RBM25,MNELKPFAVTPDTRTMPPWRPKKDMGRVLEAIKLPPESSDGGPSVVGRILR,Leukemia
P17948,FGFR2,MDPSNALICTAPRTKKFSILLLLPLLWGLTLGSSVVCSGPLVLNRTNWGA,Breast Cancer
Q7Z2W4,IL20RA,MNRLLLSLLRVFPASGTFLLFCTQDPSRPPGFSLSGEPETDHTSGVYQQSP,Skin Cancer
P09959,CTSS,MYSGSECNLLCGSLGTTTLCSMRPEVRRNYGTVKGYDIYTYLNSGIFGDND,Colon Cancer
Q9NGL4,METTL3,MELFSKLDLNKTTNSKFSSESRVVLQSNSFIGYWEQNELGQKKATCTEHLT,Leukemia
Q8IYB3,NUP153,MHSGLSRPTIPTGGVNTSINEVRFDDLHONAFSKLNFGRRQPSPAPTPAQ,Lymphoma
P23396,TOP2A,MTTRGSEASEGLPFVQIMKRRVTLSLSEVGSASGRRDGLFREAKVMLSHH,Breast Cancer
P01106,MYC,MPLNVSLESESANLNLVPAAKVPVTIKTPTQPAAPVVVDGYTLPQFSTRGDL,Colon Cancer
P42345,PIK3CA,MVRLLTEQQRLQLDVDGVVNNRQYGRPEAVEPRYVRVSMDEKELEMAAWSL,Skin Cancer
Q14432,APC,MGMGRDFDSENLPSGLSGKRRGATKGSGVTGLESFSLPGGQYSNFSAMASN,Colon Cancer
Q15418,TET2,MPSTCGSGAVPAALNFSTATGTSTSVLTSCPIRERVPADLYRVRGPTYHDP,Leukemia
Q9HB90,PARD6A,MRKSTKPVRGSPNTGIANSPTRNPQMHNRPGEQRVGEGLKYPSRIVDGTLA,Skin Cancer
Q8NG66,ZEB2,MTRAARPVGRDNKLSLTSDPVSRLLYEDFDCLRARSLVVSSNLNSSGRGMI,Melanoma
Q9UH73,SOX4,MQLTSSFCPVNHPFIKNTGAPIFSEQDLVMSSCNSPHVFQSPFLVPHTKRA,Breast Cancer
Q9NQW7,SMYD3,MDSVVRTRSCSSTNGDGSTDWRLLSSGDVSSGWQQVSSPAVPPGFPGGADT,Leukemia
Q13586,NFKB2,MNRRKKSPNHQIQPNGSNGSDKNSNSSGGNGERAGGGQSPSTSGSSKHQPP,Lymphoma
P31749,AKT1,MSSFIAGFGRLSQSARGRLMELQRRHPYEDQDTLGEFELPTQYVSEASGVME,Breast Cancer
Q9Y6Q9,KDM6A,MQTSATGAPTGQLLVLVTRSSHSPSQQLCQPVAMSSTPHSLYGIPTLKKQS,Breast Cancer
Q9BY67,ARID5B,MNPSKRRKLTSESEALRSSLTRAKQAASFHDSSVPGPSSSQPRVALLNGGG,Leukemia
P01112,HRAS,MTEYKLVVVGAGGVGKSALTIQLIQNHFVDEYDPTIEDSYRKQVVIDGETC,Skin Cancer
P06400,RB1,MDKPEVYLPDTAPVMRTPPGPASTPTAQPAPPPQLPLGPQPSCSAQLTSLP,Lung Cancer
P15056,BRAF,MEESLNYHQDLKPENLQVDLVRGLSFGVFKHLVEGKYAHKDIIYRDLKPEN,Melanoma
Q9H7U1,JAK3,MQSMVLGNLFSPNWNEEIPKAEGQDLFYEEHPETNSLFGYCRYHGEGSFQEA,Lymphoma
P00374,DPYD,MPLTLTFPAGRGIPPSWMAYRTFGGLAEAGSSWCRFSGKDRFTLRHSSPHP,Colon Cancer
Q13867,HTT,MDSQYRMRLSRRRVLDTSGSDSSMTFGSYDSAGSLGSRGSSRTARPGTPGP,Skin Cancer
Q96E11,SPEN,MDQLKPHRGRRRRDSEGGGVNWKKTSRSQTEGTGSEMEYLSSPSGAGLLQI,Leukemia
P01106,MYC,MPLNVSLESESANLNLVPAAKVPVTIKTPTQPAAPVVVDGYTLPQFSTRGDL,Lymphoma
Q9Y2Q3,GNAS,MPSGPVGRVREGSKGGTSSRPPTPTSSFGKTLLSLGGTPRSPALCRRSDGR,Pancreatic Cancer
Q9UQ84,UBE2Q1,MSGGEEEVEFTDNPFLSNGARLKRATTCQLVKREIEEGILNASATQDVGKA,Prostate Cancer
Q8IUH9,SMARCD3,MTLGTTGLECGSRGTSQPLSPALCGLCCVTMRNLDPVYAGYDLNLYGSRD,Breast Cancer
P04637,TP53,MEEPQSDPSVEPPLSQETFSDLWKLLPENNVLSPLPSQAMDDLLMSSMGVT,Skin Cancer
Q13148,ETS1,MQVVKETDGDSWVAMTNPSDPRGSKRVGTREKMQTLVPKSESLVLPKRVQL,Lung Cancer
Q8WXI8,ZRSR2,MSLRTTGSNANKFAMAMGYDSSWDSPGGAQSWLLVSKNPGQLGNVRDVVHW,Leukemia
Q86TI0,CARD11,MSGPGPPPLPTPGRPRSRLLTETLGSSSTTDRFDFLHSRRHTLLPLPHPAR,Lymphoma
Q9NVZ7,MBD1,MSSPKNKVEMSTDDKASNVQVWEDEEGLPENPYVCEPNYPLGPGHVQCRLD,Colon Cancer
Q92934,SMAD4,MMLSCLGDYGYGWVNGSTGSYAAPARRTSWRSSEYQTNLVDQWEEGSPVQ,Pancreatic Cancer
P15260,MMP9,MAKYLRSLLVAVALSLSVLSSGCYPDDKEWLGITYDTYLFDLPGWNDWVAM,Skin Cancer
P02766,TFR1,MGKCKSYLVLKHSQSTHDSQTTPLLIASLLNLSFLSLSDPCQDPHSDSGRG,Liver Cancer
Q9Y6Q5,KDM5C,MASAPGSGPTPSTQNPNQLGAPGATETSRVASAVYTHSVDNFHVTDHDASS,Breast Cancer
Q9Y4A5,SPOP,MGMEPEQPPPPPLVAHGWHSFLPANSQVLQRPFNEGPGLVDLELQINGPHT,Prostate Cancer
Q9UPN7,PBRM1,MTLSEAAPRTSLSSPSRRGTERQRNEEILHEQNSYDLSVVASKFTQNAKKM,Lung Cancer
Q96AP7,EHMT2,MADPAAGHPLVNPENLPAGDAAGLECLFDCHLRQGDVRQNSDTSVEVLEKL,Leukemia
P54687,HSP27,MAGHSAVSRGTLREHLPETEFHCSTRSSSLSSSSSRSASPSPTSTLPPGLY,Skin Cancer
P42336,PDK1,MGGSPSESWQRRRMQQASSPVFTGWVPESSGASAGGSRLSVRGVCGGGAPD,Ovarian Cancer
P11388,RET,MKTVFLLLAVLSLLHPGAVNTGRTNDPVTGTLPAVANESGCFGYKDWEYDP,Colon Cancer
Q9UKB1,CCNE1,MEQTNNCRSSTHTTDSSEVAASDGMRTDTSPGSGPPPSNGNLLEQPSSPSL,Breast Cancer
Q14204,EHMT1,MSGAGGQSPSARGSSKKSKRKGRGGRGGGGSSVDSHRRGVSRGMDHVFLAP,Melanoma
Q9NWM8,BCOR,MADRDMQQQLLQQLGFPGQGFVRGGMELDSPDTEMIDSLQQSMGNRPIRMP,Leukemia
P15260,MMP9,MAKYLRSLLVAVALSLSVLSSGCYPDDKEWLGITYDTYLFDLPGWNDWVAM,Skin Cancer
Q15020,ERCC1,MSSASASSASSSSPASRRTSAADGTSLSGMLANRQMMNLYSTVEGYTPESP,Lung Cancer
Q15052,ATR,MSVKGTSLKKLSSISNGVRTTSESSEDGKTNLLRANREEIDEQIRRLIFTS,Breast Cancer
Q8N726,DNMT3A,MSTVGPITRLPSPPSGPGAAGGWVTWTSLPPPQRQQQLWASPLLLDKWEEE,Leukemia
Q7Z6I8,GATA2,MNNNLAERKPERFGGLSDLNPLATFSSPTLSLENGAGRRGLFSPNNSWTPA,Lymphoma
Q9Y6B7,SOX2,MGRSPSVTYQVSSQPSNMISQCQGGNSPIVNPGGQLTKLTPPPEAPHYSYM,Breast Cancer
P04626,HER2,MVKVLGVLSLLLQVVTSSASTTGEQEEYSTGGTGGLVAERLPHHPLLPYSH,Breast Cancer
Q13530,SMC3,MRNRKLVKDRDVIPNNTNTPEDPRRDMELEGSADLEVVQNDTTSGDQDDL,Colon Cancer
Q13029,CARD10,MGPPPQSPPGILPHRGDSSPSLSSSPRLTHGDFDEEDRRLPESWRSLRRL,Melanoma
P07339,CTSD,MRTLALGALLCALAAAHPATCDLQAQITDYTIEGFTVDEVKDTVAINFLSD,Breast Cancer
Q9UHD2,STK11,MSSSHTSDVDIPDIEKLSGRLEPKEEALFAETPTHSLHSPGNKKQLDVLGL,Pancreatic Cancer
P31749,AKT1,MSSFIAGFGRLSQSARGRLMELQRRHPYEDQDTLGEFELPTQYVSEASGVME,Breast Cancer
Q9BYM8,NUB1,MSNGSRGLRRSAAGLDLGQGNDDKSQQSAPSQKRLVVVRSVFTTTPYSLRD,Prostate Cancer
